Date,Close
1/1/2020 23:58:00,7185.444
1/2/2020 23:58:00,6957.167
1/3/2020 23:58:00,7335.04
1/4/2020 23:58:00,7355.388
1/5/2020 23:58:00,7353.388
1/6/2020 23:58:00,7760.68
1/7/2020 23:58:00,8158.987
1/8/2020 23:58:00,8043.438
1/9/2020 23:58:00,7815.659
1/10/2020 23:58:00,8189.217
1/11/2020 23:58:00,8020.982
1/12/2020 23:58:00,8179.694
1/13/2020 23:58:00,8105.678
1/14/2020 23:58:00,8814.651
1/15/2020 23:58:00,8809.514
1/16/2020 23:58:00,8716.882
1/17/2020 23:58:00,8893.163
1/18/2020 23:58:00,8910.659
1/19/2020 23:58:00,8695.518
1/20/2020 23:58:00,8632.108
1/21/2020 23:58:00,8726.09
1/22/2020 23:58:00,8658.842
1/23/2020 23:58:00,8382.628
1/24/2020 23:58:00,8429.902
1/25/2020 23:58:00,8337.552
1/26/2020 23:58:00,8596.776
1/27/2020 23:58:00,8897.197
1/28/2020 23:58:00,9386.535
1/29/2020 23:58:00,9287.392
1/30/2020 23:58:00,9502.2
1/31/2020 23:58:00,9338.332
2/1/2020 23:58:00,9383.33
2/2/2020 23:58:00,9333.018
2/3/2020 23:58:00,9289.201
2/4/2020 23:58:00,9172.433
2/5/2020 23:58:00,9610.705
2/6/2020 23:58:00,9756.318
2/7/2020 23:58:00,9801.729
2/8/2020 23:58:00,9895.129
2/9/2020 23:58:00,10156.21
2/10/2020 23:58:00,9852.876
2/11/2020 23:58:00,10263.26
2/12/2020 23:58:00,10345.06
2/13/2020 23:58:00,10234.47
2/14/2020 23:58:00,10356.59
2/15/2020 23:58:00,9903.895
2/16/2020 23:58:00,9927.334
2/17/2020 23:58:00,9701.267
2/18/2020 23:58:00,10169.47
2/19/2020 23:58:00,9602.206
2/20/2020 23:58:00,9609.387
2/21/2020 23:58:00,9691.18
2/22/2020 23:58:00,9667.061
2/23/2020 23:58:00,9976.343
2/24/2020 23:58:00,9664.999
2/25/2020 23:58:00,9314.375
2/26/2020 23:58:00,8788.837
2/27/2020 23:58:00,8803.93
2/28/2020 23:58:00,8712.536
2/29/2020 23:58:00,8531.393
3/1/2020 23:58:00,8537.956
3/2/2020 23:58:00,8920.73
3/3/2020 23:58:00,8765.653
3/4/2020 23:58:00,8768.155
3/5/2020 23:58:00,9071.605
3/6/2020 23:58:00,9163.027
3/7/2020 23:58:00,8902.841
3/8/2020 23:58:00,8051.938
3/9/2020 23:58:00,7936.865
3/10/2020 23:58:00,7895.216
3/11/2020 23:58:00,7942.892
3/12/2020 23:58:00,4854.343
3/13/2020 23:58:00,5603.106
3/14/2020 23:58:00,5178.858
3/15/2020 23:58:00,5356.116
3/16/2020 23:58:00,5032.406
3/17/2020 23:58:00,5340.572
3/18/2020 23:58:00,5405.399
3/19/2020 23:58:00,6182.357
3/20/2020 23:58:00,6200.971
3/21/2020 23:58:00,6195.611
3/22/2020 23:58:00,5818.745
3/23/2020 23:58:00,6496.644
3/24/2020 23:58:00,6765.711
3/25/2020 23:58:00,6689.439
3/26/2020 23:58:00,6756.918
3/27/2020 23:58:00,6367.725
3/28/2020 23:58:00,6252.42
3/29/2020 23:58:00,5884.482
3/30/2020 23:58:00,6404.268
3/31/2020 23:58:00,6422.229
4/1/2020 23:58:00,6662.319
4/2/2020 23:58:00,6806.137
4/3/2020 23:58:00,6739.432
4/4/2020 23:58:00,6872.069
4/5/2020 23:58:00,6777.694
4/6/2020 23:58:00,7341.988
4/7/2020 23:58:00,7200.045
4/8/2020 23:58:00,7366.839
4/9/2020 23:58:00,7293.389
4/10/2020 23:58:00,6872.39
4/11/2020 23:58:00,6886.603
4/12/2020 23:58:00,6905.015
4/13/2020 23:58:00,6857.129
4/14/2020 23:58:00,6873.632
4/15/2020 23:58:00,6623.9
4/16/2020 23:58:00,7112.757
4/17/2020 23:58:00,7033.685
4/18/2020 23:58:00,7259.644
4/19/2020 23:58:00,7128.538
4/20/2020 23:58:00,6841.038
4/21/2020 23:58:00,6851.744
4/22/2020 23:58:00,7132.332
4/23/2020 23:58:00,7488.927
4/24/2020 23:58:00,7509.033
4/25/2020 23:58:00,7545.21
4/26/2020 23:58:00,7701.9
4/27/2020 23:58:00,7786.932
4/28/2020 23:58:00,7759.237
4/29/2020 23:58:00,8778.735
4/30/2020 23:58:00,8631.604
5/1/2020 23:58:00,8826.523
5/2/2020 23:58:00,8978.361
5/3/2020 23:58:00,8905.148
5/4/2020 23:58:00,8882.118
5/5/2020 23:58:00,9024.511
5/6/2020 23:58:00,9153.317
5/7/2020 23:58:00,9986.479
5/8/2020 23:58:00,9807.23
5/9/2020 23:58:00,9537.408
5/10/2020 23:58:00,8737.619
5/11/2020 23:58:00,8572.2
5/12/2020 23:58:00,8819.002
5/13/2020 23:58:00,9316.817
5/14/2020 23:58:00,9790.999
5/15/2020 23:58:00,9309.325
5/16/2020 23:58:00,9383.021
5/17/2020 23:58:00,9670.41
5/18/2020 23:58:00,9723.12
5/19/2020 23:58:00,9776.365
5/20/2020 23:58:00,9507.138
5/21/2020 23:58:00,9057.211
5/22/2020 23:58:00,9167.151
5/23/2020 23:58:00,9177.639
5/24/2020 23:58:00,8718.602
5/25/2020 23:58:00,8898.196
5/26/2020 23:58:00,8843.262
5/27/2020 23:58:00,9204.457
5/28/2020 23:58:00,9569.422
5/29/2020 23:58:00,9423.919
5/30/2020 23:58:00,9699.125
5/31/2020 23:58:00,9447.014
6/1/2020 23:58:00,10208.94
6/2/2020 23:58:00,9526.071
6/3/2020 23:58:00,9663.929
6/4/2020 23:58:00,9791.522
6/5/2020 23:58:00,9617.062
6/6/2020 23:58:00,9668.083
6/7/2020 23:58:00,9750.416
6/8/2020 23:58:00,9781.072
6/9/2020 23:58:00,9775.808
6/10/2020 23:58:00,9892.517
6/11/2020 23:58:00,9268.878
6/12/2020 23:58:00,9463.174
6/13/2020 23:58:00,9475.087
6/14/2020 23:58:00,9332.431
6/15/2020 23:58:00,9426.189
6/16/2020 23:58:00,9526.845
6/17/2020 23:58:00,9457.544
6/18/2020 23:58:00,9380.774
6/19/2020 23:58:00,9301.495
6/20/2020 23:58:00,9358.458
6/21/2020 23:58:00,9287.954
6/22/2020 23:58:00,9690.653
6/23/2020 23:58:00,9622.859
6/24/2020 23:58:00,9294.837
6/25/2020 23:58:00,9245.056
6/26/2020 23:58:00,9156.309
6/27/2020 23:58:00,9004.804
6/28/2020 23:58:00,9120.856
6/29/2020 23:58:00,9186.103
6/30/2020 23:58:00,9136.464
7/1/2020 23:58:00,9236.278
7/2/2020 23:58:00,9091.494
7/3/2020 23:58:00,9063.415
7/4/2020 23:58:00,9134.027
7/5/2020 23:58:00,9084.367
7/6/2020 23:58:00,9347.735
7/7/2020 23:58:00,9256.041
7/8/2020 23:58:00,9438.188
7/9/2020 23:58:00,9238.551
7/10/2020 23:58:00,9287.806
7/11/2020 23:58:00,9235.725
7/12/2020 23:58:00,9302.255
7/13/2020 23:58:00,9236.326
7/14/2020 23:58:00,9276.242
7/15/2020 23:58:00,9191.817
7/16/2020 23:58:00,9132.512
7/17/2020 23:58:00,9155.095
7/18/2020 23:58:00,9177.39
7/19/2020 23:58:00,9217.421
7/20/2020 23:58:00,9164.971
7/21/2020 23:58:00,9394.428
7/22/2020 23:58:00,9539.67
7/23/2020 23:58:00,9614.052
7/24/2020 23:58:00,9551.432
7/25/2020 23:58:00,9710.919
7/26/2020 23:58:00,9941.474
7/27/2020 23:58:00,11038.19
7/28/2020 23:58:00,10932.79
7/29/2020 23:58:00,11110.78
7/30/2020 23:58:00,11113.47
7/31/2020 23:58:00,11350.44
8/1/2020 23:58:00,11811
8/2/2020 23:58:00,11060.74
8/3/2020 23:58:00,11229.23
8/4/2020 23:58:00,11193.52
8/5/2020 23:58:00,11750.11
8/6/2020 23:58:00,11771.01
8/7/2020 23:58:00,11603.77
8/8/2020 23:58:00,11771.91
8/9/2020 23:58:00,11685.37
8/10/2020 23:58:00,11892.32
8/11/2020 23:58:00,11386.83
8/12/2020 23:58:00,11570.86
8/13/2020 23:58:00,11788.67
8/14/2020 23:58:00,11774.58
8/15/2020 23:58:00,11860.8
8/16/2020 23:58:00,11917.42
8/17/2020 23:58:00,12290.64
8/18/2020 23:58:00,11954.85
8/19/2020 23:58:00,11756.31
8/20/2020 23:58:00,11864.59
8/21/2020 23:58:00,11525.75
8/22/2020 23:58:00,11676.19
8/23/2020 23:58:00,11651.92
8/24/2020 23:58:00,11758.47
8/25/2020 23:58:00,11329.89
8/26/2020 23:58:00,11463.63
8/27/2020 23:58:00,11325.62
8/28/2020 23:58:00,11533.22
8/29/2020 23:58:00,11477.2
8/30/2020 23:58:00,11713.8
8/31/2020 23:58:00,11656.86
9/1/2020 23:58:00,11925.36
9/2/2020 23:58:00,11398.04
9/3/2020 23:58:00,10175.84
9/4/2020 23:58:00,10469.5
9/5/2020 23:58:00,10166.73
9/6/2020 23:58:00,10255.99
9/7/2020 23:58:00,10374.99
9/8/2020 23:58:00,10125.08
9/9/2020 23:58:00,10225.3
9/10/2020 23:58:00,10346.71
9/11/2020 23:58:00,10396.03
9/12/2020 23:58:00,10446
9/13/2020 23:58:00,10332.06
9/14/2020 23:58:00,10678.08
9/15/2020 23:58:00,10786.28
9/16/2020 23:58:00,10950.88
9/17/2020 23:58:00,10944.69
9/18/2020 23:58:00,10936.99
9/19/2020 23:58:00,11082.85
9/20/2020 23:58:00,10920.82
9/21/2020 23:58:00,10418.53
9/22/2020 23:58:00,10532.29
9/23/2020 23:58:00,10234.28
9/24/2020 23:58:00,10741.21
9/25/2020 23:58:00,10691.79
9/26/2020 23:58:00,10732.1
9/27/2020 23:58:00,10777.93
9/28/2020 23:58:00,10695.78
9/29/2020 23:58:00,10841.77
9/30/2020 23:58:00,10779.78
10/1/2020 23:58:00,10620.55
10/2/2020 23:58:00,10574.28
10/3/2020 23:58:00,10551.46
10/4/2020 23:58:00,10673.94
10/5/2020 23:58:00,10793.58
10/6/2020 23:58:00,10603.72
10/7/2020 23:58:00,10671.61
10/8/2020 23:58:00,10929.55
10/9/2020 23:58:00,11059.02
10/10/2020 23:58:00,11301.6
10/11/2020 23:58:00,11375.07
10/12/2020 23:58:00,11537.3
10/13/2020 23:58:00,11429.06
10/14/2020 23:58:00,11428.24
10/15/2020 23:58:00,11506.18
10/16/2020 23:58:00,11325.54
10/17/2020 23:58:00,11367.93
10/18/2020 23:58:00,11512.48
10/19/2020 23:58:00,11758.06
10/20/2020 23:58:00,11922.28
10/21/2020 23:58:00,12811.03
10/22/2020 23:58:00,12984.58
10/23/2020 23:58:00,12939.6
10/24/2020 23:58:00,13126.43
10/25/2020 23:58:00,13040.09
10/26/2020 23:58:00,13070.06
10/27/2020 23:58:00,13646
10/28/2020 23:58:00,13280.92
10/29/2020 23:58:00,13455.76
10/30/2020 23:58:00,13568.08
10/31/2020 23:58:00,13798.8
11/1/2020 23:58:00,13763.58
11/2/2020 23:58:00,13566.47
11/3/2020 23:58:00,14021.7
11/4/2020 23:58:00,14159.61
11/5/2020 23:58:00,15588.08
11/6/2020 23:58:00,15584.02
11/7/2020 23:58:00,14832.34
11/8/2020 23:58:00,15484.36
11/9/2020 23:58:00,15326.06
11/10/2020 23:58:00,15309.83
11/11/2020 23:58:00,15704.55
11/13/2020 23:58:00,16326.84
11/14/2020 23:58:00,16078.98
11/15/2020 23:58:00,15936.22
11/16/2020 23:58:00,16709.44
11/17/2020 23:58:00,17672.58
11/18/2020 23:58:00,17785.87
11/19/2020 23:58:00,17813.76
11/20/2020 23:58:00,18669.68
11/21/2020 23:58:00,18697.88
11/22/2020 23:58:00,18428.38
11/23/2020 23:58:00,18375.57
11/24/2020 23:58:00,19146.67
11/25/2020 23:58:00,18724.2
11/26/2020 23:58:00,17165.51
11/27/2020 23:58:00,17140.12
11/28/2020 23:58:00,17734.38
11/29/2020 23:58:00,18189.63
11/30/2020 23:58:00,19704.15
12/1/2020 23:58:00,18784.93
12/2/2020 23:58:00,19230.17
12/3/2020 23:58:00,19444.89
12/4/2020 23:58:00,18658.84
12/5/2020 23:58:00,19156.46
12/6/2020 23:58:00,19380.58
12/7/2020 23:58:00,19176.42
12/8/2020 23:58:00,18321.51
12/9/2020 23:58:00,18547.8
12/10/2020 23:58:00,18248.09
12/11/2020 23:58:00,18023.18
12/12/2020 23:58:00,18810.76
12/13/2020 23:58:00,19166.16
12/14/2020 23:58:00,19274.74
12/15/2020 23:58:00,19435.53
12/16/2020 23:58:00,21354.81
12/17/2020 23:58:00,22831.94
12/18/2020 23:58:00,23137.34
12/19/2020 23:58:00,23841.97
12/20/2020 23:58:00,23472.68
12/21/2020 23:58:00,22709.7
12/22/2020 23:58:00,23822.64
12/23/2020 23:58:00,23234.12
12/24/2020 23:58:00,23719.2
12/25/2020 23:58:00,24703.38
12/26/2020 23:58:00,26449.16
12/27/2020 23:58:00,26239.31
12/28/2020 23:58:00,27035.83
12/29/2020 23:58:00,27360.16
12/30/2020 23:58:00,28880.12
12/31/2020 23:58:00,28943.58
1/1/2021 23:58:00,29394.66
1/2/2021 23:58:00,32183.46
1/3/2021 23:58:00,32995.38
1/4/2021 23:58:00,32022.43
1/5/2021 23:58:00,33999.23
1/6/2021 23:58:00,36812.19
1/7/2021 23:58:00,39465
1/8/2021 23:58:00,40641.98
1/9/2021 23:58:00,40229.14
1/10/2021 23:58:00,38212.04
1/11/2021 23:58:00,35480.42
1/12/2021 23:58:00,34051
1/13/2021 23:58:00,37385.53
1/14/2021 23:58:00,39152.59
1/15/2021 23:58:00,36820.3
1/16/2021 23:58:00,36022.09
1/17/2021 23:58:00,35825.16
1/18/2021 23:58:00,36625.9
1/19/2021 23:58:00,35972.69
1/20/2021 23:58:00,35501.85
1/21/2021 23:58:00,30834.26
1/22/2021 23:58:00,33010.61
1/23/2021 23:58:00,32090.97
1/24/2021 23:58:00,32260.85
1/25/2021 23:58:00,32249.76
1/26/2021 23:58:00,32507.34
1/27/2021 23:58:00,30414.07
1/28/2021 23:58:00,33404.69
1/29/2021 23:58:00,34260.81
1/30/2021 23:58:00,34293.02
1/31/2021 23:58:00,33119.93
2/1/2021 23:58:00,33538.11
2/2/2021 23:58:00,35497.71
2/3/2021 23:58:00,37664.11
2/4/2021 23:58:00,36974.69
2/5/2021 23:58:00,38277.3
2/6/2021 23:58:00,39255.36
2/7/2021 23:58:00,38840.28
2/8/2021 23:58:00,46430.89
2/9/2021 23:58:00,46533.69
2/10/2021 23:58:00,44835.64
2/11/2021 23:58:00,47987.46
2/12/2021 23:58:00,47394.65
2/13/2021 23:58:00,47169.87
2/14/2021 23:58:00,48662.91
2/15/2021 23:58:00,47924.53
2/16/2021 23:58:00,49154.03
2/17/2021 23:58:00,52115.98
2/18/2021 23:58:00,51604.23
2/19/2021 23:58:00,55905.4
2/20/2021 23:58:00,55936.8
2/21/2021 23:58:00,57443.79
2/22/2021 23:58:00,54104.16
2/23/2021 23:58:00,48894.62
2/24/2021 23:58:00,49699.13
2/25/2021 23:58:00,47045.93
2/26/2021 23:58:00,46324.21
2/27/2021 23:58:00,46158.54
2/28/2021 23:58:00,45203.05
3/1/2021 23:58:00,49612.21
3/2/2021 23:58:00,48461.85
3/3/2021 23:58:00,50428.79
3/4/2021 23:58:00,48357.46
3/5/2021 23:58:00,48766.28
3/6/2021 23:58:00,48883.48
3/7/2021 23:58:00,50958.3
3/8/2021 23:58:00,52317.55
3/9/2021 23:58:00,54898.67
3/10/2021 23:58:00,55901.2
3/11/2021 23:58:00,57794.57
3/12/2021 23:58:00,57229.31
3/13/2021 23:58:00,61190.87
3/14/2021 23:58:00,59014.37
3/15/2021 23:58:00,55608.05
3/16/2021 23:58:00,56904.06
3/17/2021 23:58:00,58898.21
3/18/2021 23:58:00,57647.56
3/19/2021 23:58:00,58083.82
3/20/2021 23:58:00,58081.93
3/21/2021 23:58:00,57357.46
3/22/2021 23:58:00,54137.09
3/23/2021 23:58:00,54407.55
3/24/2021 23:58:00,52335.62
3/25/2021 23:58:00,51342.9
3/26/2021 23:58:00,55041.62
3/27/2021 23:58:00,55870.88
3/28/2021 23:58:00,55774.09
3/29/2021 23:58:00,57611.63
3/30/2021 23:58:00,58786.91
3/31/2021 23:58:00,58794.94
4/1/2021 23:58:00,58721.72
4/2/2021 23:58:00,58987.56
4/3/2021 23:58:00,57072.03
4/4/2021 23:58:00,58218.89
4/5/2021 23:58:00,59075.45
4/6/2021 23:58:00,58005.9
4/7/2021 23:58:00,55914.07
4/8/2021 23:58:00,58063.47
4/9/2021 23:58:00,58095.14
4/10/2021 23:58:00,59778.52
4/11/2021 23:58:00,59969.24
4/12/2021 23:58:00,59855.68
4/13/2021 23:58:00,63539.79
4/14/2021 23:58:00,62990.01
4/15/2021 23:58:00,63263.76
4/16/2021 23:58:00,61404.21
4/17/2021 23:58:00,60053.62
4/18/2021 23:58:00,56245.47
4/19/2021 23:58:00,55685.4
4/20/2021 23:58:00,56481.9
4/21/2021 23:58:00,53820.08
4/22/2021 23:58:00,51774.63
4/23/2021 23:58:00,51125.26
4/24/2021 23:58:00,50102.7
4/25/2021 23:58:00,49072.92
4/26/2021 23:58:00,54037.3
4/27/2021 23:58:00,55051.97
4/28/2021 23:58:00,54856.06
4/29/2021 23:58:00,53569.29
4/30/2021 23:58:00,57766.05
5/1/2021 23:58:00,57831.06
5/2/2021 23:58:00,56613.92
5/3/2021 23:58:00,57167.1
5/4/2021 23:58:00,53253.62
5/5/2021 23:58:00,57487.13
5/6/2021 23:58:00,56418.45
5/7/2021 23:58:00,57374.92
5/8/2021 23:58:00,58851.15
5/9/2021 23:58:00,58249.91
5/10/2021 23:58:00,55873.81
5/11/2021 23:58:00,56727.85
5/12/2021 23:58:00,49317.21
5/13/2021 23:58:00,49707.58
5/14/2021 23:58:00,49889.86
5/15/2021 23:58:00,46725.23
5/16/2021 23:58:00,46439.3
5/17/2021 23:58:00,43558.86
5/18/2021 23:58:00,42901.26
5/19/2021 23:58:00,36877.26
5/20/2021 23:58:00,40743.69
5/21/2021 23:58:00,37342.56
5/22/2021 23:58:00,37482.21
5/23/2021 23:58:00,34707.16
5/24/2021 23:58:00,38751.12
5/25/2021 23:58:00,38373.69
5/26/2021 23:58:00,39259.6
5/27/2021 23:58:00,38423.84
5/28/2021 23:58:00,35671.04
5/29/2021 23:58:00,34592.16
5/30/2021 23:58:00,35654.29
5/31/2021 23:58:00,37309.36
6/1/2021 23:58:00,36682.96
6/2/2021 23:58:00,37572.28
6/3/2021 23:58:00,39184.57
6/4/2021 23:58:00,36849.84
6/5/2021 23:58:00,35522.9
6/6/2021 23:58:00,35799.29
6/7/2021 23:58:00,33577.22
6/8/2021 23:58:00,33407.84
6/9/2021 23:58:00,37341.97
6/10/2021 23:58:00,36641.08
6/11/2021 23:58:00,37333.82
6/12/2021 23:58:00,35479.57
6/13/2021 23:58:00,39038.67
6/14/2021 23:58:00,40526.54
6/15/2021 23:58:00,40152.96
6/16/2021 23:58:00,38344.25
6/17/2021 23:58:00,38065.94
6/18/2021 23:58:00,35734.51
6/19/2021 23:58:00,35525.93
6/20/2021 23:58:00,35619.15
6/21/2021 23:58:00,31687.18
6/22/2021 23:58:00,32488.3
6/23/2021 23:58:00,33661.74
6/24/2021 23:58:00,34649.07
6/25/2021 23:58:00,31597.98
6/26/2021 23:58:00,32214.82
6/27/2021 23:58:00,34668.56
6/28/2021 23:58:00,34463.3
6/29/2021 23:58:00,35852.64
6/30/2021 23:58:00,35031.71
7/1/2021 23:58:00,33548.11
7/2/2021 23:58:00,33830.32
7/3/2021 23:58:00,34681.76
7/4/2021 23:58:00,35302.52
7/5/2021 23:58:00,33707.41
7/6/2021 23:58:00,34224.65
7/7/2021 23:58:00,33876.87
7/8/2021 23:58:00,32865.52
7/9/2021 23:58:00,33803.7
7/10/2021 23:58:00,33513.73
7/11/2021 23:58:00,34246.41
7/12/2021 23:58:00,33114.86
7/13/2021 23:58:00,32724.95
7/14/2021 23:58:00,32817.09
7/15/2021 23:58:00,31848.45
7/16/2021 23:58:00,31401.63
7/17/2021 23:58:00,31539.02
7/18/2021 23:58:00,31802.68
7/19/2021 23:58:00,30838.26
7/20/2021 23:58:00,29790.22
7/21/2021 23:58:00,32121.27
7/22/2021 23:58:00,32303.9
7/23/2021 23:58:00,33604.89
7/24/2021 23:58:00,34280.88
7/25/2021 23:58:00,35412.74
7/26/2021 23:58:00,37306.7
7/27/2021 23:58:00,39430.78
7/28/2021 23:58:00,40005.39
7/29/2021 23:58:00,40028.84
7/30/2021 23:58:00,42249.93
7/31/2021 23:58:00,41538.9
8/1/2021 23:58:00,39897.94
8/2/2021 23:58:00,39179.12
8/3/2021 23:58:00,38138.75
8/4/2021 23:58:00,39730.27
8/5/2021 23:58:00,40872.77
8/6/2021 23:58:00,42839.67
8/7/2021 23:58:00,44596.43
8/8/2021 23:58:00,43804.42
8/9/2021 23:58:00,46302.42
8/10/2021 23:58:00,45597.24
8/11/2021 23:58:00,45580.62
8/12/2021 23:58:00,44422.31
8/13/2021 23:58:00,47832.95
8/14/2021 23:58:00,47103.48
8/15/2021 23:58:00,47035.16
8/16/2021 23:58:00,45962.85
8/17/2021 23:58:00,44682.28
8/18/2021 23:58:00,44747.16
8/19/2021 23:58:00,46759.82
8/20/2021 23:58:00,49328.58
8/21/2021 23:58:00,48880.96
8/22/2021 23:58:00,49280.35
8/23/2021 23:58:00,49538.76
8/24/2021 23:58:00,47720.25
8/25/2021 23:58:00,49001.23
8/26/2021 23:58:00,46855.93
8/27/2021 23:58:00,49072.36
8/28/2021 23:58:00,48915.17
8/29/2021 23:58:00,48802.72
8/30/2021 23:58:00,46996.51
8/31/2021 23:58:00,47135.83
9/1/2021 23:58:00,48864.18
9/2/2021 23:58:00,49295.96
9/3/2021 23:58:00,50014.34
9/4/2021 23:58:00,49938.51
9/5/2021 23:58:00,51783.77
9/6/2021 23:58:00,52686.86
9/7/2021 23:58:00,46796.45
9/8/2021 23:58:00,46074.31
9/9/2021 23:58:00,46386.34
9/10/2021 23:58:00,44844.22
9/11/2021 23:58:00,45164.73
9/12/2021 23:58:00,46060.68
9/13/2021 23:58:00,44949.85
9/14/2021 23:58:00,47069.52
9/15/2021 23:58:00,48143.54
9/16/2021 23:58:00,47767.87
9/17/2021 23:58:00,47282.57
9/18/2021 23:58:00,48306.64
9/19/2021 23:58:00,47246.58
9/20/2021 23:58:00,42945.56
9/21/2021 23:58:00,40585.24
9/22/2021 23:58:00,43583.85
9/23/2021 23:58:00,44888.98
9/24/2021 23:58:00,42836.94
9/25/2021 23:58:00,42707.03
9/26/2021 23:58:00,43169.61
9/27/2021 23:58:00,42204.58
9/28/2021 23:58:00,41046.57
9/29/2021 23:58:00,41540.94
9/30/2021 23:58:00,43788.04
10/1/2021 23:58:00,48144
10/2/2021 23:58:00,47675.17
10/3/2021 23:58:00,48228.48
10/4/2021 23:58:00,49264.18
10/5/2021 23:58:00,51490.58
10/6/2021 23:58:00,55338.91
10/7/2021 23:58:00,53781.91
10/8/2021 23:58:00,53941.22
10/9/2021 23:58:00,54963.55
10/10/2021 23:58:00,54701.61
10/11/2021 23:58:00,57489.84
10/12/2021 23:58:00,56008.42
10/13/2021 23:58:00,57383.79
10/14/2021 23:58:00,57351.45
10/15/2021 23:58:00,61663.95
10/16/2021 23:58:00,60863.94
10/17/2021 23:58:00,61522.43
10/18/2021 23:58:00,62038.73
10/19/2021 23:58:00,64244.74
10/20/2021 23:58:00,65991.54
10/21/2021 23:58:00,62199.87
10/22/2021 23:58:00,60693.99
10/23/2021 23:58:00,61334.3
10/24/2021 23:58:00,60857.58
10/25/2021 23:58:00,63069.98
10/26/2021 23:58:00,60310.41
10/27/2021 23:58:00,58446.06
10/28/2021 23:58:00,60596.31
10/29/2021 23:58:00,62247.62
10/30/2021 23:58:00,61855.9
10/31/2021 23:58:00,61340.66
11/1/2021 23:58:00,60951.52
11/2/2021 23:58:00,63234.6
11/3/2021 23:58:00,62920.18
11/4/2021 23:58:00,61440.53
11/5/2021 23:58:00,60997.62
11/6/2021 23:58:00,61517.57
11/7/2021 23:58:00,63294.9
11/8/2021 23:58:00,67544.06
11/9/2021 23:58:00,66931.48
11/10/2021 23:58:00,64966.11
11/11/2021 23:58:00,64832.29
11/12/2021 23:58:00,64186.21
11/13/2021 23:58:00,64402.5
11/14/2021 23:58:00,65476.68
11/15/2021 23:58:00,63573.76
11/16/2021 23:58:00,60137.48
11/17/2021 23:58:00,60369.67
11/18/2021 23:58:00,56908.25
11/19/2021 23:58:00,58125.86
11/20/2021 23:58:00,59747.74
11/21/2021 23:58:00,58770.96
11/22/2021 23:58:00,56293.69
11/23/2021 23:58:00,57576.93
11/24/2021 23:58:00,57191.11
11/25/2021 23:58:00,58957.91
11/26/2021 23:58:00,53634.31
11/27/2021 23:58:00,54809.76
11/28/2021 23:58:00,57270.1
11/29/2021 23:58:00,57837.01
11/30/2021 23:58:00,56959.33
12/1/2021 23:58:00,57228.96
12/2/2021 23:58:00,56518.51
12/3/2021 23:58:00,53662.35
12/4/2021 23:58:00,49258.04
12/5/2021 23:58:00,49453.48
12/6/2021 23:58:00,50594.02
12/7/2021 23:58:00,50631.88
12/8/2021 23:58:00,50495.16
12/9/2021 23:58:00,47605.4
12/10/2021 23:58:00,47157.46
12/11/2021 23:58:00,49340.38
12/12/2021 23:58:00,50096.77
12/13/2021 23:58:00,46725.26
12/14/2021 23:58:00,48387.72
12/15/2021 23:58:00,48874.04
12/16/2021 23:58:00,47619.86
12/17/2021 23:58:00,46180
12/18/2021 23:58:00,46862.54
12/19/2021 23:58:00,46697.18
12/20/2021 23:58:00,46900.94
12/21/2021 23:58:00,48903.38
12/22/2021 23:58:00,48603.92
12/23/2021 23:58:00,50798.09
12/24/2021 23:58:00,50802.95
12/25/2021 23:58:00,50441.71
12/26/2021 23:58:00,50789.87
12/27/2021 23:58:00,50681.65
12/28/2021 23:58:00,47538.2
12/29/2021 23:58:00,46438.42
12/30/2021 23:58:00,47129.15
12/31/2021 23:58:00,46203.3
1/1/2022 23:58:00,47740.14
1/2/2022 23:58:00,47311.28
1/3/2022 23:58:00,46428.77
1/4/2022 23:58:00,45843.78
1/5/2022 23:58:00,43443.79
1/6/2022 23:58:00,43108.58
1/7/2022 23:58:00,41535.77
1/8/2022 23:58:00,41678.56
1/9/2022 23:58:00,41857.12
1/10/2022 23:58:00,41827.6
1/11/2022 23:58:00,42730.86
1/12/2022 23:58:00,43901.55
1/13/2022 23:58:00,42537.42
1/14/2022 23:58:00,43083.03
1/15/2022 23:58:00,43093.38
1/16/2022 23:58:00,43086.08
1/17/2022 23:58:00,42237.48
1/18/2022 23:58:00,42367.78
1/19/2022 23:58:00,41690.65
1/20/2022 23:58:00,40726.07
1/21/2022 23:58:00,36493.02
1/22/2022 23:58:00,35058.68
1/23/2022 23:58:00,36269.66
1/24/2022 23:58:00,36686.15
1/25/2022 23:58:00,36954.33
1/26/2022 23:58:00,36820.86
1/27/2022 23:58:00,37121.69
1/28/2022 23:58:00,37739.55
1/29/2022 23:58:00,38172.41
1/30/2022 23:58:00,37911.92
1/31/2022 23:58:00,38494.39
2/1/2022 23:58:00,38715.46
2/2/2022 23:58:00,36908.75
2/3/2022 23:58:00,37283.13
2/4/2022 23:58:00,41567.76
2/5/2022 23:58:00,41432.18
2/6/2022 23:58:00,42397.85
2/7/2022 23:58:00,43853.76
2/8/2022 23:58:00,44064.49
2/9/2022 23:58:00,44404.75
2/10/2022 23:58:00,43517.06
2/11/2022 23:58:00,42391.13
2/12/2022 23:58:00,42222.13
2/13/2022 23:58:00,42053.36
2/14/2022 23:58:00,42550.43
2/15/2022 23:58:00,44542.77
2/16/2022 23:58:00,43867.82
2/17/2022 23:58:00,40552.88
2/18/2022 23:58:00,40003.39
2/19/2022 23:58:00,40094.09
2/20/2022 23:58:00,38378.47
2/21/2022 23:58:00,37032.1
2/22/2022 23:58:00,38247.22
2/23/2022 23:58:00,37242.74
2/24/2022 23:58:00,38344.11
2/25/2022 23:58:00,39226.82
2/26/2022 23:58:00,39115.22
2/27/2022 23:58:00,37710.46
2/28/2022 23:58:00,43193.8
3/1/2022 23:58:00,44427.58
3/2/2022 23:58:00,43920.23
3/3/2022 23:58:00,42464.19
3/4/2022 23:58:00,39151.55
3/5/2022 23:58:00,39397.01
3/6/2022 23:58:00,38414.21
3/7/2022 23:58:00,38033.56
3/8/2022 23:58:00,38751.03
3/9/2022 23:58:00,41935.94
3/10/2022 23:58:00,39431.6
3/11/2022 23:58:00,38735.91
3/12/2022 23:58:00,38807.06
3/13/2022 23:58:00,37807
3/14/2022 23:58:00,39678.98
3/15/2022 23:58:00,39301.8
3/16/2022 23:58:00,41119.14
3/17/2022 23:58:00,40939.39
3/18/2022 23:58:00,41768.4
3/19/2022 23:58:00,42216.27
3/20/2022 23:58:00,41255.24
3/21/2022 23:58:00,41035.93
3/22/2022 23:58:00,42370.4
3/23/2022 23:58:00,42906.23
3/24/2022 23:58:00,44008.34
3/25/2022 23:58:00,44334.06
3/26/2022 23:58:00,44550.53
3/27/2022 23:58:00,46843.74
3/28/2022 23:58:00,47102.41
3/29/2022 23:58:00,47451.56
3/30/2022 23:58:00,47049.11
3/31/2022 23:58:00,45521.5
4/1/2022 23:58:00,46304
4/2/2022 23:58:00,45806.01
4/3/2022 23:58:00,46401.85
4/4/2022 23:58:00,46603.81
4/5/2022 23:58:00,45500.39
4/6/2022 23:58:00,43185.37
4/7/2022 23:58:00,43464.14
4/8/2022 23:58:00,42265.17
4/9/2022 23:58:00,42761.67
4/10/2022 23:58:00,42152.54
4/11/2022 23:58:00,39497.65
4/12/2022 23:58:00,40079.43
4/13/2022 23:58:00,41139.08
4/14/2022 23:58:00,39940.07
4/15/2022 23:58:00,40557.21
4/16/2022 23:58:00,40390.67
4/17/2022 23:58:00,39692.88
4/18/2022 23:58:00,40802.55
4/19/2022 23:58:00,41498.5
4/20/2022 23:58:00,41362.92
4/21/2022 23:58:00,40475.13
4/22/2022 23:58:00,39707.38
4/23/2022 23:58:00,39444.2
4/24/2022 23:58:00,39467.37
4/25/2022 23:58:00,40433.51
4/26/2022 23:58:00,38126.08
4/27/2022 23:58:00,39242.54
4/28/2022 23:58:00,39749.89
4/29/2022 23:58:00,38586.69
4/30/2022 23:58:00,37648.9
5/1/2022 23:58:00,38481.88
5/2/2022 23:58:00,38508.14
5/3/2022 23:58:00,37719.81
5/4/2022 23:58:00,39680.81
5/5/2022 23:58:00,36544.63
5/6/2022 23:58:00,36008.08
5/7/2022 23:58:00,35468.61
5/8/2022 23:58:00,34036.79
5/9/2022 23:58:00,30082.03
5/10/2022 23:58:00,31004.42
5/11/2022 23:58:00,28977.96
5/12/2022 23:58:00,28979.68
5/13/2022 23:58:00,29247.62
5/14/2022 23:58:00,30054.1
5/15/2022 23:58:00,31290.31
5/16/2022 23:58:00,29833.7
5/17/2022 23:58:00,30416.16
5/18/2022 23:58:00,28664.44
5/19/2022 23:58:00,30280.26
5/20/2022 23:58:00,29160.5
5/21/2022 23:58:00,29410.01
5/22/2022 23:58:00,30264.81
5/23/2022 23:58:00,29075.09
5/24/2022 23:58:00,29631.11
5/25/2022 23:58:00,29506.05
5/26/2022 23:58:00,29187.76
5/27/2022 23:58:00,28594.66
5/28/2022 23:58:00,29013.92
5/29/2022 23:58:00,29453.66
5/30/2022 23:58:00,31716.84
5/31/2022 23:58:00,31772.85
6/1/2022 23:58:00,29789.13
6/2/2022 23:58:00,30441.68
6/3/2022 23:58:00,29681.62
6/4/2022 23:58:00,29849.81
6/5/2022 23:58:00,29904.38
6/6/2022 23:58:00,31363.37
6/7/2022 23:58:00,31110.29
6/8/2022 23:58:00,30197.43
6/9/2022 23:58:00,30090.58
6/10/2022 23:58:00,29061.1
6/11/2022 23:58:00,28384.03
6/12/2022 23:58:00,26599.2
6/13/2022 23:58:00,22439.37
6/14/2022 23:58:00,22145.76
6/15/2022 23:58:00,22567.14
6/16/2022 23:58:00,20375.4
6/17/2022 23:58:00,20437.65
6/18/2022 23:58:00,18971.42
6/19/2022 23:58:00,20559.79
6/20/2022 23:58:00,20568.29
6/21/2022 23:58:00,20702.51
6/22/2022 23:58:00,19960.41
6/23/2022 23:58:00,21088.29
6/24/2022 23:58:00,21218.06
6/25/2022 23:58:00,21483.74
6/26/2022 23:58:00,21036.57
6/27/2022 23:58:00,20709.37
6/28/2022 23:58:00,20261.63
6/29/2022 23:58:00,20097.49
6/30/2022 23:58:00,19913.14
7/1/2022 23:58:00,19249.26
7/2/2022 23:58:00,19228.16
7/3/2022 23:58:00,19296.46
7/4/2022 23:58:00,20212.47
7/5/2022 23:58:00,20175
7/6/2022 23:58:00,20548.82
7/7/2022 23:58:00,21631.71
7/8/2022 23:58:00,21606.68
7/9/2022 23:58:00,21581.61
7/10/2022 23:58:00,20843.7
7/11/2022 23:58:00,19947.45
7/12/2022 23:58:00,19316.26
7/13/2022 23:58:00,20240.1
7/14/2022 23:58:00,20577.69
7/15/2022 23:58:00,20825.41
7/16/2022 23:58:00,21198.3
7/17/2022 23:58:00,20788.07
7/18/2022 23:58:00,22495.43
7/19/2022 23:58:00,23405.52
7/20/2022 23:58:00,23221.96
7/21/2022 23:58:00,23145.74
7/22/2022 23:58:00,22680.97
7/23/2022 23:58:00,22450.51
7/24/2022 23:58:00,22582.44
7/25/2022 23:58:00,21296.21
7/26/2022 23:58:00,21265.27
7/27/2022 23:58:00,22956.37
7/28/2022 23:58:00,23853.65
7/29/2022 23:58:00,23776.16
7/30/2022 23:58:00,23643.25
7/31/2022 23:58:00,23308.66
8/1/2022 23:58:00,23274.66
8/2/2022 23:58:00,22990.85
8/3/2022 23:58:00,22829.1
8/4/2022 23:58:00,22611.98
8/5/2022 23:58:00,23295.85
8/6/2022 23:58:00,22947
8/7/2022 23:58:00,23176.28
8/8/2022 23:58:00,23814.56
8/9/2022 23:58:00,23151.76
8/10/2022 23:58:00,23955.45
8/11/2022 23:58:00,23940.98
8/12/2022 23:58:00,24406.11
8/13/2022 23:58:00,24445.89
8/14/2022 23:58:00,24310.07
8/15/2022 23:58:00,24101.31
8/16/2022 23:58:00,23859.28
8/17/2022 23:58:00,23336.89
8/18/2022 23:58:00,23200.79
8/19/2022 23:58:00,20832.04
8/20/2022 23:58:00,21139.86
8/21/2022 23:58:00,21514.74
8/22/2022 23:58:00,21405.4
8/23/2022 23:58:00,21520.98
8/24/2022 23:58:00,21366.2
8/25/2022 23:58:00,21565.53
8/26/2022 23:58:00,20248.2
8/27/2022 23:58:00,20032.95
8/28/2022 23:58:00,19549.44
8/29/2022 23:58:00,20295.56
8/30/2022 23:58:00,19809.94
8/31/2022 23:58:00,20049.38
9/1/2022 23:58:00,20126.31
9/2/2022 23:58:00,19954.64
9/3/2022 23:58:00,19831.3
9/4/2022 23:58:00,19999.47
9/5/2022 23:58:00,19793.39
9/6/2022 23:58:00,18786.95
9/7/2022 23:58:00,19285.02
9/8/2022 23:58:00,19319.55
9/9/2022 23:58:00,21369.86
9/10/2022 23:58:00,21659.33
9/11/2022 23:58:00,21819.66
9/12/2022 23:58:00,22394.26
9/13/2022 23:58:00,20172.65
9/14/2022 23:58:00,20222.53
9/15/2022 23:58:00,19698.31
9/16/2022 23:58:00,19800.92
9/17/2022 23:58:00,20116.79
9/18/2022 23:58:00,19417.64
9/19/2022 23:58:00,19536.58
9/20/2022 23:58:00,18875.99
9/21/2022 23:58:00,18489.82
9/22/2022 23:58:00,19405.05
9/23/2022 23:58:00,19291.41
9/24/2022 23:58:00,18921.97
9/25/2022 23:58:00,18802.33
9/26/2022 23:58:00,19225.28
9/27/2022 23:58:00,19081.24
9/28/2022 23:58:00,19413.34
9/29/2022 23:58:00,19592.01
9/30/2022 23:58:00,19424.58
10/1/2022 23:58:00,19313.35
10/2/2022 23:58:00,19049.65
10/3/2022 23:58:00,19628.51
10/4/2022 23:58:00,20339.85
10/5/2022 23:58:00,20159.57
10/6/2022 23:58:00,19961.14
10/7/2022 23:58:00,19531.26
10/8/2022 23:58:00,19415.62
10/9/2022 23:58:00,19442.08
10/10/2022 23:58:00,19130.02
10/11/2022 23:58:00,19058.85
10/12/2022 23:58:00,19154.69
10/13/2022 23:58:00,19379.66
10/14/2022 23:58:00,19179.87
10/15/2022 23:58:00,19067.66
10/16/2022 23:58:00,19262.56
10/17/2022 23:58:00,19548.49
10/18/2022 23:58:00,19328.7
10/19/2022 23:58:00,19124.24
10/20/2022 23:58:00,19042.79
10/21/2022 23:58:00,19163.11
10/22/2022 23:58:00,19205.42
10/23/2022 23:58:00,19567.69
10/24/2022 23:58:00,19328.92
10/25/2022 23:58:00,20083.96
10/26/2022 23:58:00,20775.2
10/27/2022 23:58:00,20290.61
10/28/2022 23:58:00,20596.03
10/29/2022 23:58:00,20813.51
10/30/2022 23:58:00,20624.13
10/31/2022 23:58:00,20492.16
11/1/2022 23:58:00,20480.07
11/2/2022 23:58:00,20151.43
11/3/2022 23:58:00,20206.75
11/4/2022 23:58:00,21147.78
11/5/2022 23:58:00,21298.16
11/6/2022 23:58:00,20912.94
11/7/2022 23:58:00,20588.9
11/8/2022 23:58:00,18525.02
11/9/2022 23:58:00,15866.11
11/10/2022 23:58:00,17565.25
11/11/2022 23:58:00,17011.75
11/12/2022 23:58:00,16782.38
11/13/2022 23:58:00,16305.44
11/14/2022 23:58:00,16597.69
11/15/2022 23:58:00,16877.02
11/16/2022 23:58:00,16659.37
11/17/2022 23:58:00,16680.62
11/18/2022 23:58:00,16683.38
11/19/2022 23:58:00,16692.46
11/20/2022 23:58:00,16263.55
11/21/2022 23:58:00,15768.67
11/22/2022 23:58:00,16195.35
11/23/2022 23:58:00,16598.29
11/24/2022 23:58:00,16593.78
11/25/2022 23:58:00,16507.52
11/26/2022 23:58:00,16449.59
11/27/2022 23:58:00,16419.52
11/28/2022 23:58:00,16206.38
11/29/2022 23:58:00,16433.22
11/30/2022 23:58:00,17162.97
12/1/2022 23:58:00,16969.37
12/2/2022 23:58:00,17089.62
12/3/2022 23:58:00,16884
12/4/2022 23:58:00,17107.33
12/5/2022 23:58:00,16965.47
12/6/2022 23:58:00,17083.02
12/7/2022 23:58:00,16836.91
12/8/2022 23:58:00,17227.73
12/9/2022 23:58:00,17126.82
12/10/2022 23:58:00,17126.43
12/11/2022 23:58:00,17092.67
12/12/2022 23:58:00,17206.42
12/13/2022 23:58:00,17777.01
12/14/2022 23:58:00,17800.52
12/15/2022 23:58:00,17356.58
12/16/2022 23:58:00,16630.27
12/17/2022 23:58:00,16778.62
12/18/2022 23:58:00,16742.15
12/19/2022 23:58:00,16440.61
12/20/2022 23:58:00,16900.58
12/21/2022 23:58:00,16825.72
12/22/2022 23:58:00,16816.22
12/23/2022 23:58:00,16780.65
12/24/2022 23:58:00,16835.31
12/25/2022 23:58:00,16827.57
12/26/2022 23:58:00,16915.04
12/27/2022 23:58:00,16701.23
12/28/2022 23:58:00,16540.76
12/29/2022 23:58:00,16632.69
12/30/2022 23:58:00,16601.38
12/31/2022 23:58:00,16529.2
1/1/2023 23:58:00,16613.4
1/2/2023 23:58:00,16670.31
1/3/2023 23:58:00,16670.35
1/4/2023 23:58:00,16847.59
1/5/2023 23:58:00,16825.97
1/6/2023 23:58:00,16949.97
1/7/2023 23:58:00,16942.31
1/8/2023 23:58:00,17115.5
1/9/2023 23:58:00,17184.72
1/10/2023 23:58:00,17441.84
1/11/2023 23:58:00,17933.75
1/12/2023 23:58:00,18849.24
1/13/2023 23:58:00,19932.03
1/14/2023 23:58:00,20959.2
1/15/2023 23:58:00,20874.57
1/16/2023 23:58:00,21185.93
1/17/2023 23:58:00,21131.81
1/18/2023 23:58:00,20676.36
1/19/2023 23:58:00,21082.08
1/20/2023 23:58:00,22690.95
1/21/2023 23:58:00,22776.37
1/22/2023 23:58:00,22717.66
1/23/2023 23:58:00,22915.43
1/24/2023 23:58:00,22632.03
1/25/2023 23:58:00,23042.07
1/26/2023 23:58:00,23011.24
1/27/2023 23:58:00,23076.87
1/28/2023 23:58:00,23027.19
1/29/2023 23:58:00,23746.97
1/30/2023 23:58:00,22832.76
1/31/2023 23:58:00,23129.07
2/1/2023 23:58:00,23726.49
2/2/2023 23:58:00,23466.61
2/3/2023 23:58:00,23433.82
2/4/2023 23:58:00,23326.39
2/5/2023 23:58:00,22935.36
2/6/2023 23:58:00,22759.66
2/7/2023 23:58:00,23249.69
2/8/2023 23:58:00,22962.82
2/9/2023 23:58:00,21796.41
2/10/2023 23:58:00,21633.82
2/11/2023 23:58:00,21862.51
2/12/2023 23:58:00,21789.02
2/13/2023 23:58:00,21786.16
2/14/2023 23:58:00,22206.75
2/15/2023 23:58:00,24331.48
2/16/2023 23:58:00,23553.45
2/17/2023 23:58:00,24574.44
2/18/2023 23:58:00,24634.69
2/19/2023 23:58:00,24290.05
2/20/2023 23:58:00,24841.51
2/21/2023 23:58:00,24447.45
2/22/2023 23:58:00,24184.45
2/23/2023 23:58:00,23937.51
2/24/2023 23:58:00,23192.77
2/25/2023 23:58:00,23164.06
2/26/2023 23:58:00,23558.26
2/27/2023 23:58:00,23491.26
2/28/2023 23:58:00,23131.85
3/1/2023 23:58:00,23636.86
3/2/2023 23:58:00,23464.47
3/3/2023 23:58:00,22351.32
3/4/2023 23:58:00,22348.56
3/5/2023 23:58:00,22430.08
3/6/2023 23:58:00,22409.14
3/7/2023 23:58:00,22199.27
3/8/2023 23:58:00,21702.5
3/9/2023 23:58:00,20364.74
3/10/2023 23:58:00,20208.31
3/11/2023 23:58:00,20575.93
3/12/2023 23:58:00,22113.55
3/13/2023 23:58:00,24194.49
3/14/2023 23:58:00,24760.07
3/15/2023 23:58:00,24353.13
3/16/2023 23:58:00,25048.39
3/17/2023 23:58:00,27410.82
3/18/2023 23:58:00,26965.2
3/19/2023 23:58:00,28028.15
3/20/2023 23:58:00,27787.94
3/21/2023 23:58:00,28181.73
3/22/2023 23:58:00,27311.64
3/23/2023 23:58:00,28333.66
3/24/2023 23:58:00,27477.05
3/25/2023 23:58:00,27487.04
3/26/2023 23:58:00,27993.43
3/27/2023 23:58:00,27135.23
3/28/2023 23:58:00,27270.56
3/29/2023 23:58:00,28352.95
3/30/2023 23:58:00,28036.68
3/31/2023 23:58:00,28474.26
4/1/2023 23:58:00,28463.44
4/2/2023 23:58:00,28188.3
4/3/2023 23:58:00,27805.71
4/4/2023 23:58:00,28169.03
4/5/2023 23:58:00,28176.88
4/6/2023 23:58:00,28044.15
4/7/2023 23:58:00,27920.95
4/8/2023 23:58:00,27952.19
4/9/2023 23:58:00,28335.4
4/10/2023 23:58:00,29651.67
4/11/2023 23:58:00,30222.64
4/12/2023 23:58:00,29896.73
4/13/2023 23:58:00,30394.77
4/14/2023 23:58:00,30479.65
4/15/2023 23:58:00,30312.92
4/16/2023 23:58:00,30313.36
4/17/2023 23:58:00,29443.38
4/18/2023 23:58:00,30389.2
4/19/2023 23:58:00,28816.74
4/20/2023 23:58:00,28238.7
4/21/2023 23:58:00,27260.15
4/22/2023 23:58:00,27816.5
4/23/2023 23:58:00,27591.99
4/24/2023 23:58:00,27514.24
4/25/2023 23:58:00,28300.83
4/26/2023 23:58:00,28423.93
4/27/2023 23:58:00,29476.64
4/28/2023 23:58:00,29328.54
4/29/2023 23:58:00,29239.68
4/30/2023 23:58:00,29253.14
5/1/2023 23:58:00,28082.84
5/2/2023 23:58:00,28675
5/3/2023 23:58:00,29031.25
5/4/2023 23:58:00,28848.39
5/5/2023 23:58:00,29530.53
5/6/2023 23:58:00,28902.17
5/7/2023 23:58:00,28450.92
5/8/2023 23:58:00,27685.34
5/9/2023 23:58:00,27640.28
5/10/2023 23:58:00,27618.24
5/11/2023 23:58:00,26986.38
5/12/2023 23:58:00,26800.62
5/13/2023 23:58:00,26780.87
5/14/2023 23:58:00,26922.28
5/15/2023 23:58:00,27176.95
5/16/2023 23:58:00,27035.87
5/17/2023 23:58:00,27401.65
5/18/2023 23:58:00,26828.17
5/19/2023 23:58:00,26887.22
5/20/2023 23:58:00,27118.38
5/21/2023 23:58:00,26750.97
5/22/2023 23:58:00,26852.15
5/23/2023 23:58:00,27220.68
5/24/2023 23:58:00,26325.69
5/25/2023 23:58:00,26477.4
5/26/2023 23:58:00,26713.51
5/27/2023 23:58:00,26865.48
5/28/2023 23:58:00,28079.08
5/29/2023 23:58:00,27743
5/30/2023 23:58:00,27698.92
5/31/2023 23:58:00,27218.21
6/1/2023 23:58:00,26819.79
6/2/2023 23:58:00,27249.86
6/3/2023 23:58:00,27072.09
6/4/2023 23:58:00,27126.87
6/5/2023 23:58:00,25736.08
6/6/2023 23:58:00,27232.56
6/7/2023 23:58:00,26349.59
6/8/2023 23:58:00,26506.83
6/9/2023 23:58:00,26483.8
6/10/2023 23:58:00,25853.87
6/11/2023 23:58:00,25933.86
6/12/2023 23:58:00,25905.95
6/13/2023 23:58:00,25925.74
6/14/2023 23:58:00,25126.3
6/15/2023 23:58:00,25579.45
6/16/2023 23:58:00,26338.52
6/17/2023 23:58:00,26520.6
6/18/2023 23:58:00,26344.33
6/19/2023 23:58:00,26838.21
6/20/2023 23:58:00,28311.79
6/21/2023 23:58:00,30001.54
6/22/2023 23:58:00,29900.9
6/23/2023 23:58:00,30702.18
6/24/2023 23:58:00,30550.17
6/25/2023 23:58:00,30478.53
6/26/2023 23:58:00,30274.02
6/27/2023 23:58:00,30701.64
6/28/2023 23:58:00,30080.25
6/29/2023 23:58:00,30450.42
6/30/2023 23:58:00,30472.82
7/1/2023 23:58:00,30600.18
7/2/2023 23:58:00,30619.66
7/3/2023 23:58:00,31155.26
7/4/2023 23:58:00,30783.76
7/5/2023 23:58:00,30512.26
7/6/2023 23:58:00,29917.44
7/7/2023 23:58:00,30360.05
7/8/2023 23:58:00,30307.61
7/9/2023 23:58:00,30182.26
7/10/2023 23:58:00,30422.21
7/11/2023 23:58:00,30636.85
7/12/2023 23:58:00,30397.57
7/13/2023 23:58:00,31470.53
7/14/2023 23:58:00,30345.3
7/15/2023 23:58:00,30330.87
7/16/2023 23:58:00,30262.35
7/17/2023 23:58:00,30157.59
7/18/2023 23:58:00,29878.96
7/19/2023 23:58:00,29926.23
7/20/2023 23:58:00,29812.25
7/21/2023 23:58:00,29927.21
7/22/2023 23:58:00,29805.75
7/23/2023 23:58:00,30100.01
7/24/2023 23:58:00,29189.36
7/25/2023 23:58:00,29239.03
7/26/2023 23:58:00,29366.65
7/27/2023 23:58:00,29226.86
7/28/2023 23:58:00,29324.19
7/29/2023 23:58:00,29391.08
7/30/2023 23:58:00,29295
7/31/2023 23:58:00,29244.09
8/1/2023 23:58:00,29704.41
8/2/2023 23:58:00,29168.12
8/3/2023 23:58:00,29187.88
8/4/2023 23:58:00,29107.64
8/5/2023 23:58:00,29077.05
8/6/2023 23:58:00,29071.92
8/7/2023 23:58:00,29189.82
8/8/2023 23:58:00,29771.04
8/9/2023 23:58:00,29569.32
8/10/2023 23:58:00,29439.7
8/11/2023 23:58:00,29416.77
8/12/2023 23:58:00,29445.23
8/13/2023 23:58:00,29301.46
8/14/2023 23:58:00,29414.31
8/15/2023 23:58:00,29177.08
8/16/2023 23:58:00,28719.62
8/17/2023 23:58:00,26643.99
8/18/2023 23:58:00,26063.93
8/19/2023 23:58:00,26117.54
8/20/2023 23:58:00,26203.13
8/21/2023 23:58:00,26130.78
8/22/2023 23:58:00,26043.79
8/23/2023 23:58:00,26435.17
8/24/2023 23:58:00,26173.38
8/25/2023 23:58:00,26054.19
8/26/2023 23:58:00,26020.23
8/27/2023 23:58:00,26099.84
8/28/2023 23:58:00,26108.12
8/29/2023 23:58:00,27728.26
8/30/2023 23:58:00,27304.24
8/31/2023 23:58:00,25936.08
9/1/2023 23:58:00,25798.36
9/2/2023 23:58:00,25877.09
9/3/2023 23:58:00,25974.93
9/4/2023 23:58:00,25822.07
9/5/2023 23:58:00,25785.84
9/6/2023 23:58:00,25755.55
9/7/2023 23:58:00,26259.23
9/8/2023 23:58:00,25909.41
9/9/2023 23:58:00,25905.51
9/10/2023 23:58:00,25838.32
9/11/2023 23:58:00,25163.71
9/12/2023 23:58:00,25843.55
9/13/2023 23:58:00,26227.52
9/14/2023 23:58:00,26534.06
9/15/2023 23:58:00,26607.32
9/16/2023 23:58:00,26569.63
9/17/2023 23:58:00,26530.24
9/18/2023 23:58:00,26764.2
9/19/2023 23:58:00,27217.88
9/20/2023 23:58:00,27127.37
9/21/2023 23:58:00,26567.97
9/22/2023 23:58:00,26588.76
9/23/2023 23:58:00,26591.66
9/24/2023 23:58:00,26263.58
9/25/2023 23:58:00,26296.83
9/26/2023 23:58:00,26211.61
9/27/2023 23:58:00,26359.27
9/28/2023 23:58:00,27026.88
9/29/2023 23:58:00,26912.09
9/30/2023 23:58:00,26968.96
10/1/2023 23:58:00,27974.3
10/2/2023 23:58:00,27505.1
10/3/2023 23:58:00,27426.54
10/4/2023 23:58:00,27794.62
10/5/2023 23:58:00,27413.3
10/6/2023 23:58:00,27946.92
10/7/2023 23:58:00,27973.48
10/8/2023 23:58:00,27932.73
10/9/2023 23:58:00,27590.5
10/10/2023 23:58:00,27395.59
10/11/2023 23:58:00,26871.54
10/12/2023 23:58:00,26755.97
10/13/2023 23:58:00,26865.08
10/14/2023 23:58:00,26855.49
10/15/2023 23:58:00,27174.18
10/16/2023 23:58:00,28515.97
10/17/2023 23:58:00,28407.2
10/18/2023 23:58:00,28326.92
10/19/2023 23:58:00,28729.38
10/20/2023 23:58:00,29681.35
10/21/2023 23:58:00,29922.28
10/22/2023 23:58:00,29997.57
10/23/2023 23:58:00,33069.62
10/24/2023 23:58:00,33919.16
10/25/2023 23:58:00,34500.52
10/26/2023 23:58:00,34155.89
10/27/2023 23:58:00,33906.76
10/28/2023 23:58:00,34095.03
10/29/2023 23:58:00,34537.25
10/30/2023 23:58:00,34494.36
10/31/2023 23:58:00,34661.5
11/1/2023 23:58:00,35436
11/2/2023 23:58:00,34945.19
11/3/2023 23:58:00,34741.35
11/4/2023 23:58:00,35103.04
11/5/2023 23:58:00,35052.37
11/6/2023 23:58:00,35055.07
11/7/2023 23:58:00,35430.56
11/8/2023 23:58:00,35639.24
11/9/2023 23:58:00,36701.68
11/10/2023 23:58:00,37328.04
11/11/2023 23:58:00,37149.43
11/12/2023 23:58:00,37084.73
11/13/2023 23:58:00,36484.45
11/14/2023 23:58:00,35556.38
11/15/2023 23:58:00,37884.48
11/16/2023 23:58:00,36171.1
11/17/2023 23:58:00,36626.71
11/18/2023 23:58:00,36587.7
11/19/2023 23:58:00,37399.95
11/20/2023 23:58:00,37475.5
11/21/2023 23:58:00,35790.33
11/22/2023 23:58:00,37422.05
11/23/2023 23:58:00,37304.17
11/24/2023 23:58:00,37736.24
11/25/2023 23:58:00,37807.9
11/26/2023 23:58:00,37462.87
11/27/2023 23:58:00,37247.49
11/28/2023 23:58:00,37832.33
11/29/2023 23:58:00,37861.98
11/30/2023 23:58:00,37723.79
12/1/2023 23:58:00,38704.05
12/2/2023 23:58:00,39463.38
12/3/2023 23:58:00,39976.71
12/4/2023 23:58:00,41982.22
12/5/2023 23:58:00,44082.62
12/6/2023 23:58:00,43774.54
12/7/2023 23:58:00,43296.1
12/8/2023 23:58:00,44193.9
12/9/2023 23:58:00,43736.8
12/10/2023 23:58:00,43790.26
12/11/2023 23:58:00,41237.43
12/12/2023 23:58:00,41473.28
12/13/2023 23:58:00,42890.93
12/14/2023 23:58:00,43029.62
12/15/2023 23:58:00,41945.55
12/16/2023 23:58:00,42262.62
12/17/2023 23:58:00,41360.83
12/18/2023 23:58:00,42651.91
12/19/2023 23:58:00,42271.05
12/20/2023 23:58:00,43661.13
12/21/2023 23:58:00,43879.57
12/22/2023 23:58:00,44016.18
12/23/2023 23:58:00,43768.45
12/24/2023 23:58:00,43042.68
12/25/2023 23:58:00,43608
12/26/2023 23:58:00,42524.73
12/27/2023 23:58:00,43469.43
12/28/2023 23:58:00,42596.08
12/29/2023 23:58:00,42088.24
12/30/2023 23:58:00,42141.19
12/31/2023 23:58:00,42291.37
1/1/2024 23:58:00,44204.37
1/2/2024 23:58:00,44971.76
1/3/2024 23:58:00,42864.52
1/4/2024 23:58:00,44202.17
1/5/2024 23:58:00,44185.63
1/6/2024 23:58:00,44003.69
1/7/2024 23:58:00,43940.36
1/8/2024 23:58:00,46986.92
1/9/2024 23:58:00,46129.09
1/10/2024 23:58:00,46662.4
1/11/2024 23:58:00,46348.52
1/12/2024 23:58:00,42802.15
1/13/2024 23:58:00,42848.36
1/14/2024 23:58:00,41920.39
1/15/2024 23:58:00,42507.4
1/16/2024 23:58:00,43151.11
1/17/2024 23:58:00,42698.78
1/18/2024 23:58:00,41211.56
1/19/2024 23:58:00,41615.26
1/20/2024 23:58:00,41705.26
1/21/2024 23:58:00,41572.17
1/22/2024 23:58:00,39606.84
1/23/2024 23:58:00,39702.88
1/24/2024 23:58:00,40011.7
1/25/2024 23:58:00,39900.16
1/26/2024 23:58:00,41880.45
1/27/2024 23:58:00,42124.03
1/28/2024 23:58:00,42032.22
1/29/2024 23:58:00,43276.2
1/30/2024 23:58:00,43074.88
1/31/2024 23:58:00,42582.21
2/1/2024 23:58:00,43052.94
2/2/2024 23:58:00,43181.34
2/3/2024 23:58:00,43004.49
2/4/2024 23:58:00,42565.23
2/5/2024 23:58:00,42665.05
2/6/2024 23:58:00,43084.9
2/7/2024 23:58:00,44285.67
2/8/2024 23:58:00,45323.12
2/9/2024 23:58:00,47282.84
2/10/2024 23:58:00,47746.95
2/11/2024 23:58:00,48281.19
2/12/2024 23:58:00,49999.68
2/13/2024 23:58:00,49727.57
2/14/2024 23:58:00,51837.78
2/15/2024 23:58:00,51865.25
2/16/2024 23:58:00,52191.27
2/17/2024 23:58:00,51685.54
2/18/2024 23:58:00,52120.28
2/19/2024 23:58:00,51769.91
2/20/2024 23:58:00,52287.03
2/21/2024 23:58:00,51756.38
2/22/2024 23:58:00,51312.23
2/23/2024 23:58:00,50745.88
2/24/2024 23:58:00,51592.58
2/25/2024 23:58:00,51728.53
2/26/2024 23:58:00,54501.24
2/27/2024 23:58:00,57067.15
2/28/2024 23:58:00,62534.39
2/29/2024 23:58:00,61253.9
3/1/2024 23:58:00,62520.18
3/2/2024 23:58:00,61980.11
3/3/2024 23:58:00,63043.77
3/4/2024 23:58:00,68304.96
3/5/2024 23:58:00,64041.52
3/6/2024 23:58:00,66142.74
3/7/2024 23:58:00,66935.05
3/8/2024 23:58:00,68330.96
3/9/2024 23:58:00,68469.46
3/10/2024 23:58:00,69011.28
3/11/2024 23:58:00,72133.38
3/12/2024 23:58:00,71491.77
3/13/2024 23:58:00,73096.85
3/14/2024 23:58:00,71394.04
3/15/2024 23:58:00,69441.68
3/16/2024 23:58:00,65314.75
3/17/2024 23:58:00,68476.19
3/18/2024 23:58:00,67732.55
3/19/2024 23:58:00,61964.65
3/20/2024 23:58:00,67900.47
3/21/2024 23:58:00,65507.84
3/22/2024 23:58:00,63669.71
3/23/2024 23:58:00,64052.68
3/24/2024 23:58:00,67228.68
3/25/2024 23:58:00,69956.47
3/26/2024 23:58:00,69976.26
3/27/2024 23:58:00,69402.96
3/28/2024 23:58:00,70787.45
3/29/2024 23:58:00,69917.16
3/30/2024 23:58:00,69666.93
3/31/2024 23:58:00,71341.71
4/1/2024 23:58:00,69693.39
4/2/2024 23:58:00,65620.65
4/3/2024 23:58:00,66053.35
4/4/2024 23:58:00,68517.75
4/5/2024 23:58:00,67824.42
4/6/2024 23:58:00,68870.32
4/7/2024 23:58:00,69412.3
4/8/2024 23:58:00,71636.84
4/9/2024 23:58:00,69156.68
4/10/2024 23:58:00,70612.79
4/11/2024 23:58:00,70029.4
4/12/2024 23:58:00,67094.69
4/13/2024 23:58:00,64349.1
4/14/2024 23:58:00,65779.36
4/15/2024 23:58:00,63431.23
4/16/2024 23:58:00,63780.76
4/17/2024 23:58:00,61321.64
4/18/2024 23:58:00,63509.67
4/19/2024 23:58:00,63803.57
4/20/2024 23:58:00,64958.39
4/21/2024 23:58:00,64946.52
4/22/2024 23:58:00,66840.57
4/23/2024 23:58:00,66402.03
4/24/2024 23:58:00,64270.73
4/25/2024 23:58:00,64506.1
4/26/2024 23:58:00,63782.04
4/27/2024 23:58:00,63452.65
4/28/2024 23:58:00,62987.93
4/29/2024 23:58:00,63869.59
4/30/2024 23:58:00,60751.65
5/1/2024 23:58:00,58311.26
5/2/2024 23:58:00,59146.74
5/3/2024 23:58:00,62914.16
5/4/2024 23:58:00,63866.37
5/5/2024 23:58:00,63928.8
5/6/2024 23:58:00,63193.37
5/7/2024 23:58:00,62382.92
5/8/2024 23:58:00,61105.57
5/9/2024 23:58:00,63025.2
5/10/2024 23:58:00,60863.24
5/12/2024 23:58:00,60914.79
5/13/2024 23:58:00,61151.16
5/14/2024 23:58:00,62425.72
5/15/2024 23:58:00,61854.5
5/16/2024 23:58:00,66077.67
5/17/2024 23:58:00,65647.21
5/18/2024 23:58:00,66964.48
5/19/2024 23:58:00,67052.87
5/20/2024 23:58:00,66680.9
5/21/2024 23:58:00,71227.18
5/22/2024 23:58:00,69901.25
5/23/2024 23:58:00,69334.23
5/24/2024 23:58:00,67851.91
5/25/2024 23:58:00,68747.1
5/26/2024 23:58:00,69076.61
5/27/2024 23:58:00,68914.83
5/28/2024 23:58:00,68102.04
5/29/2024 23:58:00,68713.48
5/30/2024 23:58:00,68038.64
5/31/2024 23:58:00,68571.17
6/1/2024 23:58:00,67659.3
6/2/2024 23:58:00,67737.81
6/3/2024 23:58:00,68358.28
6/4/2024 23:58:00,69155.55
6/5/2024 23:58:00,70883.12
6/6/2024 23:58:00,71103.14
6/7/2024 23:58:00,70959.8
6/8/2024 23:58:00,69445.59
6/9/2024 23:58:00,69277.68
6/10/2024 23:58:00,69633.42
6/11/2024 23:58:00,68405.53
6/12/2024 23:58:00,67369.51
6/13/2024 23:58:00,67363.84
6/14/2024 23:58:00,66718.27
6/15/2024 23:58:00,66138.7
6/16/2024 23:58:00,66111.79
6/17/2024 23:58:00,66229.78
6/18/2024 23:58:00,65507.87
6/19/2024 23:58:00,65411.28
6/20/2024 23:58:00,65171.54
6/21/2024 23:58:00,64652.56
6/22/2024 23:58:00,64283.77
6/23/2024 23:58:00,64407
6/24/2024 23:58:00,62860.14
6/25/2024 23:58:00,61352.41
6/26/2024 23:58:00,61958.77
6/27/2024 23:58:00,61006.5
6/28/2024 23:58:00,61814.18
6/29/2024 23:58:00,60684.36
6/30/2024 23:58:00,60860.1
7/1/2024 23:58:00,63352.62
7/2/2024 23:58:00,63112.1
7/3/2024 23:58:00,60889.5
7/4/2024 23:58:00,58973.24
7/5/2024 23:58:00,55244.81
7/6/2024 23:58:00,56420.53
7/7/2024 23:58:00,58088.72
7/8/2024 23:58:00,55184.9
7/9/2024 23:58:00,57109.26
7/10/2024 23:58:00,58045.79
7/11/2024 23:58:00,57602.57
7/12/2024 23:58:00,56940.31
7/13/2024 23:58:00,57935.24
7/14/2024 23:58:00,59477.68
7/15/2024 23:58:00,62609.86
7/16/2024 23:58:00,64779.16
7/17/2024 23:58:00,65735.7
7/18/2024 23:58:00,64883.35
7/19/2024 23:58:00,64186.21
7/20/2024 23:58:00,66693.2
7/21/2024 23:58:00,67156.72
7/22/2024 23:58:00,67951.34
7/23/2024 23:58:00,67566.87
7/24/2024 23:58:00,66041.17
7/25/2024 23:58:00,64125.9
7/26/2024 23:58:00,66948.46
7/27/2024 23:58:00,67845.7
7/28/2024 23:58:00,68017.18
7/29/2024 23:58:00,69351.13
7/30/2024 23:58:00,66416.08
7/31/2024 23:58:00,66110.05
8/1/2024 23:58:00,63925.74
8/2/2024 23:58:00,64529.93
8/3/2024 23:58:00,61732.31
8/4/2024 23:58:00,60761.09
8/5/2024 23:58:00,54237.53
8/6/2024 23:58:00,55764.82
8/7/2024 23:58:00,56886.8
8/8/2024 23:58:00,57157.95
8/9/2024 23:58:00,61347.45
8/10/2024 23:58:00,60463.2
8/11/2024 23:58:00,61144.88
8/12/2024 23:58:00,58614.72
8/13/2024 23:58:00,59135.62
8/14/2024 23:58:00,61051.58
8/15/2024 23:58:00,58418.11
8/16/2024 23:58:00,57976.19
8/17/2024 23:58:00,59131.83
8/18/2024 23:58:00,59435.34
8/19/2024 23:58:00,58708.96
8/20/2024 23:58:00,60549.66
8/21/2024 23:58:00,59291.03
8/22/2024 23:58:00,60554.25
8/23/2024 23:58:00,60625.02
8/24/2024 23:58:00,63975.61
8/25/2024 23:58:00,64153.97
8/26/2024 23:58:00,64134.76
8/27/2024 23:58:00,62976.04
8/28/2024 23:58:00,59536.44
8/29/2024 23:58:00,59114.96
8/30/2024 23:58:00,59061.49
8/31/2024 23:58:00,59244.12
9/1/2024 23:58:00,58563.01
9/2/2024 23:58:00,57724.56
9/3/2024 23:58:00,59123.2
9/4/2024 23:58:00,56729.19
9/5/2024 23:58:00,57202.56
9/6/2024 23:58:00,56604.56
9/7/2024 23:58:00,53857.56
9/8/2024 23:58:00,54382
9/9/2024 23:58:00,55073.68
9/10/2024 23:58:00,56568.94
9/11/2024 23:58:00,56778.54
9/12/2024 23:58:00,58084.02
9/13/2024 23:58:00,57886.09
9/14/2024 23:58:00,60382.43
9/15/2024 23:58:00,60186.94
9/16/2024 23:58:00,58582.38
9/17/2024 23:58:00,58073.78
9/18/2024 23:58:00,60545.42
9/19/2024 23:58:00,62095.62
9/20/2024 23:58:00,63671.56
9/21/2024 23:58:00,62922.14
9/22/2024 23:58:00,63140.06
9/23/2024 23:58:00,64343.49
9/24/2024 23:58:00,63130.39
9/25/2024 23:58:00,64450.64
9/26/2024 23:58:00,63495.91
9/27/2024 23:58:00,65390.85
9/28/2024 23:58:00,66096.32
9/29/2024 23:58:00,65848.43
9/30/2024 23:58:00,64544.22
10/1/2024 23:58:00,63711.69
10/2/2024 23:58:00,61781.73
10/3/2024 23:58:00,61441.14
10/4/2024 23:58:00,60953.97
10/5/2024 23:58:00,61897.85
10/6/2024 23:58:00,61906.66
10/7/2024 23:58:00,63514.6
10/8/2024 23:58:00,62609.76
10/9/2024 23:58:00,62359.38
10/10/2024 23:58:00,60833.65
10/11/2024 23:58:00,60607.19
10/12/2024 23:58:00,62555.24
10/13/2024 23:58:00,62717.15
10/14/2024 23:58:00,64195.47
10/15/2024 23:58:00,65353.81
10/16/2024 23:58:00,67104.47
10/17/2024 23:58:00,67605.86
10/18/2024 23:58:00,67535.72
10/19/2024 23:58:00,68456.86
10/20/2024 23:58:00,68179.25
10/21/2024 23:58:00,68890.14
10/22/2024 23:58:00,67344.48
10/23/2024 23:58:00,67029.24
10/24/2024 23:58:00,67189.43
10/25/2024 23:58:00,67973.21
10/26/2024 23:58:00,66863
10/27/2024 23:58:00,67196.3
10/28/2024 23:58:00,67672.59
10/29/2024 23:58:00,70889.45
10/30/2024 23:58:00,72185.68
10/31/2024 23:58:00,72327.32
11/1/2024 23:58:00,69310.14
11/2/2024 23:58:00,69621.91
11/3/2024 23:58:00,68434.65
11/4/2024 23:58:00,69121.93
11/5/2024 23:58:00,68317.69
11/6/2024 23:58:00,74445.82
11/7/2024 23:58:00,74732.36
11/8/2024 23:58:00,75883.62
11/9/2024 23:58:00,76413.14
11/10/2024 23:58:00,78990.8
11/11/2024 23:58:00,81483.31
11/12/2024 23:58:00,88470.49
11/13/2024 23:58:00,87125.45
11/14/2024 23:58:00,90107.27
11/15/2024 23:58:00,87426.22
11/16/2024 23:58:00,91278.47
11/17/2024 23:58:00,90318.17
11/18/2024 23:58:00,90449.91
11/19/2024 23:58:00,91546.89
11/20/2024 23:58:00,92217.93
11/21/2024 23:58:00,97402.66
11/22/2024 23:58:00,98739.25
11/23/2024 23:58:00,98496.91
11/24/2024 23:58:00,98110.87
11/25/2024 23:58:00,97811.99
11/26/2024 23:58:00,94322.14
11/27/2024 23:58:00,92545.14
11/28/2024 23:58:00,95797.01
11/29/2024 23:58:00,96293.35
11/30/2024 23:58:00,96716.79
12/1/2024 23:58:00,96490.37
12/2/2024 23:58:00,96741.65
12/3/2024 23:58:00,95939.93
12/4/2024 23:58:00,95934.26
12/5/2024 23:58:00,103242.7
12/6/2024 23:58:00,97952.27
12/7/2024 23:58:00,99702.98
12/8/2024 23:58:00,99819.01
12/9/2024 23:58:00,99438.46
12/10/2024 23:58:00,97077.3
12/11/2024 23:58:00,97601.6
12/12/2024 23:58:00,100697.2
12/13/2024 23:58:00,99999.12
12/14/2024 23:58:00,101680.9
12/15/2024 23:58:00,102259.9
12/16/2024 23:58:00,104572.1
12/17/2024 23:58:00,106490.1
12/18/2024 23:58:00,103848.1
12/19/2024 23:58:00,100646.2
12/20/2024 23:58:00,97334.15
12/21/2024 23:58:00,97623.92
12/22/2024 23:58:00,96193.61
12/23/2024 23:58:00,95786.72
12/24/2024 23:58:00,94287.05
12/25/2024 23:58:00,98209.62
12/26/2024 23:58:00,98294.12
12/27/2024 23:58:00,96209.8
12/28/2024 23:58:00,94449.97
12/29/2024 23:58:00,94996.09
12/30/2024 23:58:00,93169.94
12/31/2024 23:58:00,92382.89
1/1/2025 23:58:00,93462.86
1/2/2025 23:58:00,95642.54
1/3/2025 23:58:00,96732.46
1/4/2025 23:58:00,97942.97
1/5/2025 23:58:00,98355.51
1/6/2025 23:58:00,99424.66
1/7/2025 23:58:00,101731
1/8/2025 23:58:00,96294.37
1/9/2025 23:58:00,94409.58
1/10/2025 23:58:00,93850.97
1/11/2025 23:58:00,94033.5
1/12/2025 23:58:00,94575.31
1/13/2025 23:58:00,94559.12
1/14/2025 23:58:00,95099.77
1/15/2025 23:58:00,97176.71
1/16/2025 23:58:00,99576.98
1/17/2025 23:58:00,101413.4
1/18/2025 23:58:00,103545.4
1/19/2025 23:58:00,104841
1/20/2025 23:58:00,102194.9
1/21/2025 23:58:00,102204.3
1/22/2025 23:58:00,105559.4
1/23/2025 23:58:00,101964.6
1/24/2025 23:58:00,104563
1/25/2025 23:58:00,104669.3
1/26/2025 23:58:00,105193.9
1/27/2025 23:58:00,100414.1
1/28/2025 23:58:00,102938
1/29/2025 23:58:00,101995.6
1/30/2025 23:58:00,105403.1
1/31/2025 23:58:00,104008.8
2/1/2025 23:58:00,102345.6
2/2/2025 23:58:00,99655.54
2/3/2025 23:58:00,92883.21
2/4/2025 23:58:00,100156.4
2/5/2025 23:58:00,98136.17
2/6/2025 23:58:00,97649.43
2/7/2025 23:58:00,97519.86
2/8/2025 23:58:00,96362.31
2/9/2025 23:58:00,97281.8
2/10/2025 23:58:00,96932.82
2/11/2025 23:58:00,98077.13
2/12/2025 23:58:00,95573.3
2/13/2025 23:58:00,96900.99
2/14/2025 23:58:00,96796.01
2/15/2025 23:58:00,97544.53
2/16/2025 23:58:00,97580.92
2/17/2025 23:58:00,96127.14
2/18/2025 23:58:00,96096.47
2/19/2025 23:58:00,95307.54
2/20/2025 23:58:00,97243.08
2/21/2025 23:58:00,98249.46
2/22/2025 23:58:00,96436.56
2/23/2025 23:58:00,96443.38
2/24/2025 23:58:00,95278.63
2/25/2025 23:58:00,92066.2
2/26/2025 23:58:00,88801.82
2/27/2025 23:58:00,85090.99
2/28/2025 23:58:00,80376.5
3/1/2025 23:58:00,86273.05
3/2/2025 23:58:00,85812.15
3/3/2025 23:58:00,92841.09
3/4/2025 23:58:00,83518.82
3/5/2025 23:58:00,86951.6
3/6/2025 23:58:00,92272.38
3/7/2025 23:58:00,87701.4
3/8/2025 23:58:00,86468.85
3/9/2025 23:58:00,86143.01
3/10/2025 23:58:00,82106.8
3/11/2025 23:58:00,79506.47
3/12/2025 23:58:00,82201.03
3/13/2025 23:58:00,83605.95
3/14/2025 23:58:00,81877.78
3/15/2025 23:58:00,84582.41
3/16/2025 23:58:00,84410.52
3/17/2025 23:58:00,83702.25
3/18/2025 23:58:00,83152.52
3/19/2025 23:58:00,83076.51
3/20/2025 23:58:00,85919.08
3/21/2025 23:58:00,84434.41
3/22/2025 23:58:00,84345.25
3/23/2025 23:58:00,84294.35
3/24/2025 23:58:00,86531.37
3/25/2025 23:58:00,86496.49
3/26/2025 23:58:00,87186.84
3/27/2025 23:58:00,87692.71
3/28/2025 23:58:00,86810.84
3/29/2025 23:58:00,84261.42
3/30/2025 23:58:00,83184.34
3/31/2025 23:58:00,81559.22
4/1/2025 23:58:00,82963.95
4/2/2025 23:58:00,84598.74
4/3/2025 23:58:00,83479.15
4/4/2025 23:58:00,82740.93
4/5/2025 23:58:00,83624.02
4/6/2025 23:58:00,83332.85
4/7/2025 23:58:00,77555.34
4/9/2025 23:58:00,75004.68
4/10/2025 23:58:00,81681
4/11/2025 23:58:00,80721.91
4/12/2025 23:58:00,82944.43
4/13/2025 23:58:00,85434.14
4/14/2025 23:58:00,84549.55
4/15/2025 23:58:00,85358.06
4/16/2025 23:58:00,83726.81
4/17/2025 23:58:00,84030.1
4/18/2025 23:58:00,84815.62
4/19/2025 23:58:00,84841.2
4/20/2025 23:58:00,85115.07
4/21/2025 23:58:00,87152.38
4/22/2025 23:58:00,88107.6
4/23/2025 23:58:00,93210.55
4/24/2025 23:58:00,92733.36
4/25/2025 23:58:00,93348.03
4/26/2025 23:58:00,94847.29
4/27/2025 23:58:00,94225.3
4/28/2025 23:58:00,93911.89
4/29/2025 23:58:00,94717.11
4/30/2025 23:58:00,95041.93
5/1/2025 23:58:00,94808.49
5/2/2025 23:58:00,97111.77
5/3/2025 23:58:00,96432.45
5/4/2025 23:58:00,95856.14
5/5/2025 23:58:00,94255.16
5/6/2025 23:58:00,94489.1
5/7/2025 23:58:00,96515.11
5/8/2025 23:58:00,99109.44
5/9/2025 23:58:00,102384.2
5/10/2025 23:58:00,103161.7
5/11/2025 23:58:00,103995.7
5/12/2025 23:58:00,104013.1
5/13/2025 23:58:00,101727
5/14/2025 23:58:00,103560.3
5/15/2025 23:58:00,102821.2
5/16/2025 23:58:00,104050.1
5/17/2025 23:58:00,103536.5
5/18/2025 23:58:00,103298
5/19/2025 23:58:00,103640.2
5/20/2025 23:58:00,105707.1
5/21/2025 23:58:00,106859.6
5/22/2025 23:58:00,111681.7
5/23/2025 23:58:00,111088.5
5/24/2025 23:58:00,108333.4
5/25/2025 23:58:00,108096.5
5/26/2025 23:58:00,109641.5
5/27/2025 23:58:00,108927.6
5/28/2025 23:58:00,108877.1
5/29/2025 23:58:00,108043.4
5/30/2025 23:58:00,106021.6
5/31/2025 23:58:00,103735.2
6/1/2025 23:58:00,104494.5
6/2/2025 23:58:00,104914.5
6/3/2025 23:58:00,105551.6
6/4/2025 23:58:00,105625.9
6/5/2025 23:58:00,105084.4
6/6/2025 23:58:00,102549.2
6/7/2025 23:58:00,104951.3
6/8/2025 23:58:00,105525.3
6/9/2025 23:58:00,105687.6
6/10/2025 23:58:00,109549
6/11/2025 23:58:00,109722.3
6/12/2025 23:58:00,107845.6
6/13/2025 23:58:00,104498.1
6/14/2025 23:58:00,105312.9
6/15/2025 23:58:00,105562.5
6/16/2025 23:58:00,105950.6
6/17/2025 23:58:00,107598.5
6/18/2025 23:58:00,105191.3
6/19/2025 23:58:00,105075.2
6/20/2025 23:58:00,104637
6/21/2025 23:58:00,103589.5
6/22/2025 23:58:00,102394.4
6/23/2025 23:58:00,101220
6/24/2025 23:58:00,105019
6/25/2025 23:58:00,106311.5
6/26/2025 23:58:00,107899.3
6/27/2025 23:58:00,107523.7
6/28/2025 23:58:00,107342.2
6/29/2025 23:58:00,107249.3
6/30/2025 23:58:00,108527.5
7/1/2025 23:58:00,107217.4
7/2/2025 23:58:00,106255.1
7/3/2025 23:58:00,108696.5
7/4/2025 23:58:00,109273.1
7/5/2025 23:58:00,108230
7/6/2025 23:58:00,108114
7/7/2025 23:58:00,109395.1
7/8/2025 23:58:00,107904.3
7/9/2025 23:58:00,108395.8
7/10/2025 23:58:00,111090.1
7/11/2025 23:58:00,116768.2
7/12/2025 23:58:00,117568.8
7/13/2025 23:58:00,117603.5
7/14/2025 23:58:00,120551.9
7/15/2025 23:58:00,117226.1
7/16/2025 23:58:00,117489.6
7/17/2025 23:58:00,118070.4
7/18/2025 23:58:00,120280.7
7/19/2025 23:58:00,118353.3
7/20/2025 23:58:00,117985.7
7/21/2025 23:58:00,118429.2
7/22/2025 23:58:00,117213.8
7/23/2025 23:58:00,118637.6
7/24/2025 23:58:00,118580.6
7/25/2025 23:58:00,115420.2
7/26/2025 23:58:00,117570.6
7/27/2025 23:58:00,118208.3
7/28/2025 23:58:00,119283.7
7/29/2025 23:58:00,118757.1
7/30/2025 23:58:00,118176.2
7/31/2025 23:58:00,118454.4
8/1/2025 23:58:00,115672.4
8/2/2025 23:58:00,113941.1
8/3/2025 23:58:00,113730.6
8/4/2025 23:58:00,114696.1
8/5/2025 23:58:00,114348.2
8/6/2025 23:58:00,113574.9
8/7/2025 23:58:00,114485.2
8/8/2025 23:58:00,116770.3
8/9/2025 23:58:00,116406.9
8/10/2025 23:58:00,119256.5